CustomerID,CLV
12347.0,3106.3981226104925
12348.0,971.9468555137454
12352.0,2508.0720290106165
12356.0,717.8737897081063
12358.0,1344.4657703232115
12359.0,4750.328066148285
12360.0,2259.3857379232822
12362.0,5089.146360038002
12363.0,549.6681993145157
12364.0,2331.5165323103256
12370.0,1697.5078134494015
12371.0,2044.3103928110081
12372.0,1057.6573400819912
12375.0,1174.8950930987442
12377.0,550.7932667488367
12379.0,898.5639418675272
12380.0,3342.418708673752
12381.0,2108.488133159528
12383.0,1297.720788325718
12384.0,1074.6240746802323
12386.0,295.7502740571489
12388.0,2355.2469910351665
12393.0,1205.2489196655836
12394.0,1135.9825370531366
12395.0,2498.4725824246398
12397.0,2112.9367745937316
12399.0,1226.5738156512616
12406.0,2197.598685835468
12407.0,1924.1669747619383
12408.0,2390.4117821866193
12409.0,6374.887869487133
12412.0,1524.3589820587558
12413.0,517.2763131888914
12414.0,654.3455223547694
12415.0,105279.75743246898
12417.0,3093.427129956359
12421.0,884.5763392782644
12422.0,737.6780604439654
12423.0,1691.395360046969
12427.0,622.9849165775834
12428.0,3369.632992879917
12429.0,2028.4903151605108
12431.0,5302.0402143759875
12432.0,2791.4756960141945
12433.0,8740.506440198997
12434.0,702.4892467488339
12435.0,2957.6812437697354
12437.0,4544.515795790132
12438.0,3054.0445314280278
12444.0,5249.342707636987
12449.0,4698.118804769592
12450.0,564.1176720298084
12451.0,5336.311851288047
12455.0,1153.370512704042
12456.0,2400.1534465938503
12457.0,2471.565617527951
12458.0,638.8082702415214
12461.0,762.2456083893114
12462.0,555.3174161182462
12463.0,1495.3536640734621
12464.0,1326.4925065289615
12465.0,814.3241705551601
12468.0,574.9320643776607
12471.0,15016.060825684233
12472.0,4106.546145105214
12473.0,4682.194781334427
12474.0,6946.93862544381
12476.0,5867.267320890202
12477.0,10159.211824185273
12480.0,2190.281740109948
12481.0,4606.915024413983
12483.0,2020.5745765799054
12484.0,3140.359085990243
12488.0,3086.892526545921
12490.0,4426.037772506173
12492.0,960.993530534731
12493.0,600.2518599216331
12494.0,1279.9948703629977
12498.0,1604.8362027572455
12500.0,3819.6401680458603
12502.0,3035.366026933234
12504.0,1967.2348512740969
12507.0,1020.5447408876589
12508.0,2343.880672988235
12510.0,445.6969573251478
12516.0,1182.6537825418268
12517.0,2785.3440831326775
12518.0,4702.86467516968
12520.0,2021.8935397126734
12522.0,1580.8623300999254
12523.0,1913.4963615448198
12524.0,3929.637324533631
12526.0,2687.582154013134
12527.0,491.3057927599434
12528.0,1666.8046743680313
12530.0,1306.657781261455
12535.0,784.1355558607438
12536.0,21307.065729709157
12539.0,3247.066832729359
12540.0,10876.515411533714
12541.0,928.6623302444715
12545.0,601.8040024795104
12546.0,1759.465365472012
12547.0,343.09807037771816
12552.0,1935.6907294187836
12553.0,3054.3499424681177
12556.0,884.7163645210554
12557.0,8437.359994968234
12559.0,286.07476864322683
12560.0,1955.348776628317
12562.0,5142.938213947064
12567.0,6522.148850340427
12569.0,5076.592001628495
12571.0,1043.9119662130597
12572.0,2639.012427723223
12576.0,1316.5801588010827
12577.0,491.3340398984958
12578.0,938.5028229434874
12582.0,487.2418634073543
12583.0,5564.015031210759
12584.0,2384.22548806697
12585.0,658.3102556591557
12589.0,1190.7719899383646
12592.0,578.5058044833218
12593.0,675.9996054521721
12594.0,3088.6013894709104
12596.0,623.4367107658122
12597.0,3464.5054172344144
12598.0,2696.120117940973
12599.0,1194.8642476719274
12600.0,2359.5565973493094
12601.0,725.5659948797554
12604.0,390.88077260146133
12609.0,946.3832160230712
12610.0,3098.3385455051794
12613.0,2573.624734962599
12615.0,2997.024165195909
12616.0,582.5550319200603
12619.0,4350.078938421454
12620.0,1358.382069095077
12621.0,11348.257086017937
12624.0,812.9436161364131
12625.0,828.9916383188762
12626.0,5268.526192378726
12627.0,7669.436871208155
12628.0,2655.113787268442
12630.0,3211.656565058039
12633.0,1407.5876438069492
12635.0,1660.0138498561123
12637.0,4280.759632277741
12640.0,2114.9525739113283
12642.0,2134.458463630098
12643.0,2337.7977272314415
12645.0,1487.0059557983836
12646.0,3071.0248015129864
12647.0,3050.621140398728
12649.0,615.648694870964
12653.0,1182.0426622723849
12654.0,772.0179344977436
12656.0,4383.16540460902
12657.0,3673.9454535965097
12662.0,3179.3494357781065
12664.0,4173.251093114546
12668.0,2694.360576552241
12669.0,1829.5138635885578
12670.0,3137.2348804955996
12673.0,497.281990557433
12674.0,2169.8100708890956
12676.0,1135.188870799533
12678.0,14555.240280308164
12679.0,700.9756977957779
12680.0,2042.0712479046501
12681.0,10990.597549237777
12682.0,10341.112403937303
12683.0,6346.127960545594
12684.0,2871.8797694600366
12685.0,7045.491854043959
12689.0,1620.352912545665
12691.0,1023.2080451745064
12693.0,919.0729345078862
12694.0,879.5471931610358
12695.0,1120.9366379777593
12697.0,1339.482745908002
12700.0,4859.476073946797
12701.0,706.1728052898775
12704.0,3870.06553358834
12705.0,5159.613936024701
12708.0,2372.9177179579974
12709.0,7949.781438612861
12710.0,997.7838797790739
12712.0,3772.132004515063
12714.0,3740.652164909162
12716.0,1099.2610011295894
12717.0,663.2745063754537
12719.0,1927.1827343347918
12720.0,4795.519293012736
12721.0,2195.278262514046
12722.0,1824.4017466117216
12723.0,2548.567881209375
12724.0,1022.405666834152
12726.0,2283.2104071039093
12727.0,3340.7420476024263
12728.0,802.6838460089626
12731.0,14748.095596761295
12735.0,477.03213953522635
12739.0,840.1637790274663
12744.0,16761.997342220493
12747.0,3437.579720255812
12748.0,29020.992679940155
12749.0,4204.405387915375
12753.0,13795.878264979727
12754.0,2540.3809238589383
12755.0,250.07657396912808
12757.0,9405.921306888358
12758.0,1126.232551837399
12759.0,1286.1324553870109
12762.0,8104.346067876531
12763.0,331.9151202319826
12766.0,4824.320581540667
12775.0,1391.8706757803468
12778.0,1015.6715143937423
12779.0,3231.5098970198524
12781.0,492.03828726145684
12782.0,1736.3214137359957
12783.0,6850.070415693151
12784.0,2899.238518362008
12787.0,898.4032091170554
12793.0,423.2209348264702
12794.0,1684.91759547167
12798.0,7412.212768840772
12808.0,523.1049145041179
12811.0,603.525009359191
12815.0,822.4172897306863
12816.0,732.0902278269612
12820.0,960.1505324164812
12822.0,1326.2816213413698
12823.0,1705.5178662607973
12826.0,1380.3257389515425
12827.0,2574.991095687315
12828.0,2431.1670157200147
12829.0,327.86989813511946
12830.0,7362.4274864904755
12832.0,987.87991353088
12836.0,1796.8508827402388
12838.0,389.1301198485744
12839.0,4618.462102929228
12840.0,2527.3245159703024
12841.0,3488.7115973875557
12842.0,773.5202697012727
12843.0,2204.898708199232
12844.0,827.1489485865112
12845.0,659.6157592800571
12849.0,566.8021360965874
12853.0,1452.7881040390014
12854.0,1014.7490640081497
12856.0,7739.877345820836
12857.0,473.5257618653026
12865.0,1460.887996305917
12867.0,3222.0802561692176
12868.0,1382.7860035811987
12871.0,630.8556712232514
12872.0,339.36110523303165
12875.0,274.0314617552788
12876.0,1788.4570058118882
12877.0,1541.9884998388325
12878.0,668.5758385354272
12879.0,1976.4003586358701
12882.0,5315.804742275285
12883.0,1596.7268456744648
12885.0,1376.017796414609
12886.0,890.699551627509
12888.0,390.02082942504666
12891.0,599.3033771545654
12895.0,1076.3213673394368
12897.0,345.01490646852557
12901.0,19794.839762186843
12904.0,764.6401984766242
12906.0,2905.355082798432
12908.0,537.5079335920375
12909.0,1701.62563875384
12910.0,3122.988714805163
12912.0,8274.699145521627
12913.0,1829.7334271169334
12915.0,324.2162850816895
12916.0,2054.211672814078
12919.0,2445.032794176975
12921.0,13775.387331724802
12924.0,1036.2992718187545
12925.0,1672.9952290721778
12928.0,1582.5512822809371
12930.0,692.5004966756018
12931.0,35001.726739132384
12933.0,782.5122143858188
12935.0,1877.7031305641133
12936.0,1826.8906114358797
12937.0,1629.826434057169
12939.0,8230.119583816011
12940.0,1867.581136057111
12942.0,571.6659786078637
12944.0,422.01412845791367
12947.0,1306.8114830437794
12948.0,2254.521818613206
12949.0,3183.643546661824
12950.0,10689.482697415175
12951.0,1117.8162029720943
12952.0,2777.5659713009454
12955.0,5131.405218350583
12957.0,3352.092662568117
12962.0,852.0212289659722
12963.0,1511.1564541137739
12967.0,343.0172008137008
12970.0,525.3534573833861
12971.0,9847.183814739454
12980.0,5596.143146444097
12981.0,854.4305804255765
12985.0,3850.9990170270103
12987.0,665.369802792584
12989.0,5881.574528143844
12990.0,583.6252049425323
12991.0,1011.0760420361751
12993.0,662.2025613380545
12994.0,927.7713918260099
12997.0,1102.8096327521575
12999.0,565.2714989332428
13000.0,515.2176317214455
13001.0,8598.728225649404
13003.0,592.6356564130698
13004.0,4888.904002138874
13005.0,490.97749906575865
13012.0,1686.4864533451046
13013.0,3002.3185537513586
13014.0,3496.7136944440736
13015.0,3105.8685417839547
13016.0,1149.2378012418174
13018.0,7571.709928842584
13021.0,2332.716700409864
13023.0,1092.1414532062845
13026.0,1296.4325665849992
13027.0,4580.754607527467
13028.0,2329.3971891017386
13029.0,874.9054357053443
13030.0,434.5840717323516
13032.0,1799.7844983207042
13034.0,486.086586847939
13035.0,751.2182837874772
13037.0,975.5610768492267
13038.0,777.8557347850109
13040.0,3093.8970596462686
13046.0,629.2085893515064
13047.0,2557.9859586077187
13048.0,1403.8863025603496
13049.0,573.7646609207702
13050.0,4948.774352322942
13055.0,1135.510322981649
13058.0,996.7444175636936
13064.0,1067.272633819654
13066.0,2932.8458497668003
13068.0,385.3117258154636
13069.0,3790.1348653482282
13077.0,564.1819505027225
13078.0,10581.976390825113
13079.0,1177.9345112501653
13081.0,20535.163963668896
13082.0,3057.544714846698
13083.0,1218.215331328372
13085.0,385.40267982996113
13089.0,49928.86297721991
13090.0,7383.956216734693
13092.0,571.0512483650361
13093.0,5631.147385301267
13094.0,1757.6940552623207
13097.0,4943.942761506717
13098.0,27648.30360746848
13102.0,5501.220544856278
13104.0,1139.7289929978265
13107.0,1085.5945153785178
13109.0,992.8598778057332
13110.0,1478.3430200259354
13113.0,10347.1132803206
13115.0,2454.0589639837026
13117.0,969.0768840405541
13118.0,1279.3643728097454
13122.0,378.7597270166649
13124.0,1973.734056911193
13126.0,1801.154052591426
13131.0,1434.8427513249787
13133.0,310.2405221691414
13134.0,1804.5374628316638
13136.0,2860.911167522385
13137.0,3574.4350612282155
13138.0,920.6627304193952
13139.0,5290.1822929037435
13140.0,469.42934572919654
13141.0,1852.792673952813
13145.0,545.6341668736334
13147.0,2373.165222657748
13148.0,2976.860504723395
13149.0,1525.128198552688
13155.0,734.189201495699
13157.0,1684.8977383707668
13158.0,1117.7816061678839
13159.0,2845.9717125319085
13162.0,1060.3373543192172
13165.0,610.2144328064632
13167.0,1666.1617941338727
13168.0,916.4247984299676
13169.0,499.09213799995615
13171.0,615.791318585467
13173.0,342.22927067531697
13174.0,1172.1316991087097
13178.0,4477.4272619647745
13183.0,3271.947635904516
13184.0,1930.5654170263006
13186.0,1739.220539210785
13189.0,893.4305633555277
13192.0,807.7818164166389
13196.0,1515.2987427336375
13198.0,2643.6368115993596
13199.0,8332.524578804334
13200.0,1862.007607328797
13203.0,1197.2816714502185
13207.0,618.7488269395328
13208.0,1346.0635548641578
13209.0,4573.05326408621
13211.0,997.2514292960718
13212.0,2337.954764834096
13213.0,1913.3882288255206
13217.0,1276.1235976370535
13220.0,1258.252823775724
13221.0,425.96271168764093
13223.0,409.54457478307023
13224.0,1626.76929966749
13225.0,4436.7421845788995
13230.0,2603.9375494908572
13232.0,1927.395912902845
13233.0,433.42314280887666
13236.0,1221.0016508244325
13238.0,761.7588581441091
13240.0,635.1928945944707
13242.0,544.0813736667765
13246.0,1755.0600692789826
13247.0,1743.7358282712376
13248.0,521.2128630903758
13249.0,777.0953512148665
13253.0,565.3982915831615
13255.0,330.0336013947902
13258.0,1027.1840046279767
13261.0,346.3442933912068
13263.0,7388.476191079854
13265.0,2167.324838644456
13266.0,4526.1258177228165
13267.0,3817.8093555403516
13268.0,3250.3749262017272
13269.0,4415.155594183732
13272.0,1104.0788999128051
13276.0,1520.4369018156626
13277.0,1146.0585486436191
13280.0,672.0079697026299
13282.0,1278.2325262891527
13283.0,527.3023357596625
13285.0,2152.9923495976354
13292.0,526.0554827045514
13294.0,623.9648715766499
13297.0,3444.774274119616
13301.0,786.8451104365913
13305.0,1838.835689104857
13308.0,1140.652853150815
13309.0,1315.1059174897937
13310.0,847.7652191182051
13311.0,683.2224356308544
13313.0,1343.0713435729733
13314.0,1951.0935165524982
13316.0,4661.2006705687
13317.0,1762.9166686931974
13318.0,3399.1563289800515
13319.0,8750.287898122504
13320.0,1577.5853401892564
13321.0,1425.8710333860138
13323.0,3046.2535439078556
13324.0,5265.47432397726
13327.0,2575.4337641973048
13329.0,494.1835682893377
13330.0,930.4391970643834
13334.0,1754.8074440573678
13340.0,7080.980757440882
13344.0,905.9398132917642
13350.0,1601.313428921355
13362.0,2376.704363483219
13363.0,2657.557450927653
13365.0,1661.502852919109
13368.0,576.1569763361701
13373.0,2291.0741282138074
13376.0,1071.903503640476
13379.0,1418.3030737953827
13381.0,3350.992733798505
13384.0,5010.78050102755
13389.0,981.1581404982091
13394.0,2448.332126753729
13396.0,845.6195472831538
13397.0,1340.1192874614756
13402.0,399.0444410349795
13404.0,439.77186688965367
13405.0,643.5180535894333
13408.0,23075.810253315063
13410.0,1106.6424101613113
13414.0,1135.3385335223634
13416.0,1762.7179504549551
13417.0,775.7999467453209
13418.0,4788.77580921658
13420.0,584.8453957442343
13421.0,956.9447143926719
13425.0,1313.3158374335706
13426.0,3066.4763324078976
13427.0,875.2704545367093
13429.0,3186.9549711453865
13430.0,1516.567554670077
13431.0,1596.689349037959
13434.0,1562.082063265904
13435.0,5403.730470687162
13437.0,3424.7690698457936
13447.0,5944.669409330032
13448.0,2535.3934643354187
13450.0,2757.739958697563
13451.0,2404.180050800976
13452.0,479.51641928257743
13453.0,413.62272013922154
13455.0,433.4557262372387
13456.0,2582.0996755933384
13458.0,7434.476612879259
13460.0,1557.3198703430503
13461.0,1779.0877654273318
13467.0,2684.9781997983873
13468.0,4863.770919852824
13470.0,751.9685281157025
13471.0,8010.039335126389
13473.0,371.91130976591603
13475.0,1328.8568550769048
13476.0,641.3432886398407
13477.0,1620.9522337495166
13479.0,476.99517679138586
13481.0,1553.2968823916817
13486.0,1930.5077453653025
13487.0,562.1779127580305
13488.0,6497.559545118149
13489.0,721.365115661152
13491.0,1253.7989183834156
13492.0,1482.8051250576898
13493.0,535.04272365996
13495.0,1448.1727761111183
13496.0,331.0046977746767
13497.0,335.4758899419683
13499.0,1428.7983750876108
13500.0,2238.6255604927314
13502.0,466.84110225928225
13505.0,4048.884162060439
13506.0,310.0746502026846
13507.0,2742.1029353528234
13509.0,1214.6708982185758
13510.0,2193.749601609505
13515.0,1159.174333841997
13516.0,1615.7973435169513
13517.0,1828.328113145503
13520.0,2800.1565484570174
13521.0,9855.436169721626
13523.0,2659.4712637200737
13524.0,1168.3943976079279
13525.0,608.8052229835112
13527.0,2212.100846293923
13529.0,533.3047379078222
13531.0,334.7456926791979
13533.0,410.2098968380627
13534.0,5134.176963792943
13536.0,10627.04422495349
13538.0,1404.6345874200124
13539.0,699.32990799395
13544.0,493.0218316883383
13546.0,1011.8835139317478
13548.0,658.5794480157979
13549.0,1368.027015311178
13552.0,3494.6882656612925
13555.0,2689.0283773174183
13557.0,542.3810904671194
13558.0,2627.6995649391533
13562.0,1530.3158391988763
13563.0,1151.151132405037
13564.0,1055.520300587334
13565.0,341.80068425962077
13566.0,1467.2205888133294
13569.0,376.53637166909505
13571.0,2770.4380808589594
13573.0,537.0667938943087
13575.0,1595.5380517382637
13576.0,5574.606440880132
13577.0,1835.5367142242837
13579.0,398.3541772813966
13588.0,3140.5137825515744
13589.0,706.4524284156843
13590.0,1920.190896399893
13591.0,962.1502968589369
13592.0,610.3121352187393
13593.0,1533.3965672494926
13596.0,4499.852772075202
13599.0,4332.821887802533
13601.0,682.5593272955471
13606.0,507.8363980597193
13610.0,1328.61445774979
13611.0,863.447617487451
13614.0,1426.9493360388208
13617.0,1081.1694718631136
13623.0,944.6165288623067
13627.0,1337.740513761814
13629.0,6579.523608780951
13630.0,2138.277545295173
13631.0,3559.558445382853
13632.0,2475.630421751299
13634.0,1361.3396172821292
13636.0,1166.3671058827551
13637.0,855.8185396413033
13643.0,1076.7152950183322
13644.0,4730.350662122947
13647.0,1805.4400591121016
13649.0,316.99520341110565
13650.0,1887.1459101464714
13651.0,1605.4717367518936
13652.0,792.2063121842708
13654.0,2730.7103539167083
13655.0,772.7588665957501
13656.0,383.9354544237079
13657.0,634.3276318941889
13658.0,2356.340408914881
13659.0,577.3687168420067
13662.0,999.2161592460485
13666.0,323.2774450925453
13668.0,5622.593274610609
13669.0,756.2087888653415
13672.0,318.5575753883578
13673.0,2445.5260381519365
13675.0,425.16458737932555
13680.0,2455.8652658087635
13681.0,1667.1622282284159
13685.0,8020.472035892286
13692.0,1052.2218975725693
13694.0,53919.67634917902
13695.0,3275.526837361384
13700.0,2238.1876363838865
13704.0,7510.651131303128
13705.0,540.7538817472768
13707.0,398.52808484761516
13709.0,5662.805464960948
13715.0,871.4596925004458
13717.0,1475.0437214187032
13718.0,407.2431005483923
13719.0,1523.643461616677
13720.0,981.4493495048735
13722.0,902.7763082952779
13725.0,1385.3088157524246
13726.0,2056.3447806277777
13727.0,2127.6515587307863
13728.0,1169.6733970201958
13730.0,977.2087765211711
13731.0,552.6883910312841
13735.0,2528.6433054828967
13736.0,603.0312953597008
13741.0,1007.6059352157293
13742.0,2861.5349431539985
13743.0,1775.1444429777393
13744.0,469.75866524819617
13748.0,827.2648716504517
13750.0,1411.9865057039126
13752.0,1504.3433143192726
13754.0,354.4417048315152
13755.0,7631.85285345304
13756.0,4139.309263132969
13758.0,2482.2950867555674
13759.0,1238.6053463821568
13760.0,452.4228919163216
13761.0,1044.6496861976493
13764.0,1020.0707882988041
13767.0,14288.537779573282
13769.0,2321.003635985045
13771.0,2030.8827235983385
13772.0,1293.3568814007658
13777.0,16374.278911443545
13780.0,751.2516824905373
13782.0,998.7608612144423
13784.0,2489.8362224214484
13787.0,351.8182037294002
13791.0,1085.888132661612
13792.0,387.2598984369231
13798.0,31388.062223391815
13799.0,518.3980133118097
13802.0,3002.2969418271978
13804.0,2229.1577321255827
13805.0,1186.8158213882575
13808.0,3938.0913423087595
13810.0,1848.7147392167496
13811.0,969.4142923021717
13812.0,1428.0097719374626
13813.0,2500.944663280103
13814.0,1776.9263932066335
13815.0,2736.1274938916026
13816.0,1573.8192676133667
13817.0,391.95448617070093
13819.0,867.4055735494925
13821.0,415.9284885817502
13822.0,2074.207405378871
13823.0,1386.6979894473823
13824.0,1467.2265709743347
13827.0,1156.2934149603016
13831.0,1686.2139491929006
13835.0,1112.1514669087196
13837.0,369.0397163977349
13838.0,583.5033714551372
13842.0,2799.3700147785753
13846.0,597.2829036262573
13848.0,889.4034852174287
13849.0,1468.6849948317652
13851.0,2265.4931023825993
13854.0,6977.125996388046
13856.0,842.0576276872082
13860.0,3265.338686885961
13862.0,1930.3006541464733
13865.0,738.1137958401314
13867.0,1379.0029056792425
13868.0,10464.787113997032
13869.0,2290.3667116817655
13870.0,2538.111373965272
13871.0,6104.386035992136
13873.0,553.2045646600434
13875.0,1672.7285396663765
13880.0,2858.8599799583544
13881.0,15934.074021808654
13882.0,4833.840380561277
13883.0,1925.7744332165337
13884.0,988.9269150002294
13885.0,493.88323227999336
13888.0,695.4048891850157
13890.0,1749.2446728714779
13892.0,1055.1446131415782
13894.0,529.4130761370278
13895.0,3853.587883860321
13899.0,384.3986030594856
13900.0,743.3844718922229
13901.0,2581.6578372506565
13904.0,385.7589627125608
13908.0,2103.7789651248204
13911.0,2524.6589470542895
13914.0,2698.4405338593597
13917.0,641.2027224199296
13918.0,1076.9205228018504
13919.0,903.6745719251064
13924.0,5068.048066343319
13925.0,1221.2398395745097
13928.0,1451.1900305664328
13929.0,515.5409007534869
13930.0,763.6682022235739
13931.0,877.086129375539
13933.0,906.9166851194323
13939.0,634.4360398950607
13940.0,1771.5939548118774
13941.0,3196.585472661936
13946.0,703.9102135151726
13949.0,5925.713098782717
13950.0,1042.550632673833
13951.0,728.4304191345491
13952.0,1215.218789486546
13953.0,2770.15594540588
13954.0,1502.6413408596948
13955.0,361.89174046382806
13956.0,1329.1304933962178
13959.0,549.7608926722445
13960.0,1248.2609737222006
13962.0,397.8927315692994
13963.0,682.2067939698135
13969.0,7632.9622552823785
13971.0,2854.1483486813863
13972.0,468.13178919670634
13975.0,2189.8896425588664
13978.0,1544.6136860523957
13982.0,1324.2685970719017
13983.0,2192.565589423271
13984.0,901.918351728679
13985.0,7954.640768499123
13988.0,4193.2690153229505
13989.0,646.0091704265747
13991.0,2061.0355615084886
13993.0,3144.8913995182666
13994.0,4271.348028174904
13995.0,1643.6055591669392
13999.0,3340.005824770835
14001.0,1369.832069490069
14002.0,850.2647617612319
14004.0,3979.0821803917956
14005.0,3745.554527175539
14006.0,831.6157526203835
14009.0,641.672530546407
14013.0,687.2280283178779
14016.0,2855.535261317971
14019.0,2313.7286261575196
14020.0,1432.7710355687932
14021.0,802.8170777117243
14023.0,579.0510348986697
14024.0,705.9141264177432
14029.0,934.0615878665586
14030.0,1654.2641069110553
14031.0,13055.067188383306
14032.0,2530.0438219083126
14034.0,732.4792230377712
14035.0,1413.3865237644181
14037.0,264.7993860392776
14038.0,1410.9359371079413
14040.0,3356.6397769123155
14044.0,774.4289471683937
14045.0,1118.6149430343098
14047.0,1069.875398622959
14049.0,4025.440243991048
14050.0,1150.247334369914
14051.0,12930.946234347974
14053.0,632.2842629150483
14056.0,8601.414534880334
14057.0,4788.695248841457
14060.0,5139.67865168947
14062.0,8041.8037258645345
14064.0,1563.1285944364183
14067.0,1054.5840188469217
14071.0,1758.1013841440208
14075.0,961.4837173624883
14077.0,820.1193739675239
14078.0,1023.7012274518638
14081.0,485.64537673510324
14083.0,914.9377273410099
14085.0,3786.674080716825
14088.0,39537.02784302453
14092.0,3553.070804607951
14096.0,171087.14224479304
14099.0,2651.282504314549
14101.0,4744.471262166391
14102.0,6051.369883301254
14104.0,592.1275808825792
14107.0,2166.0236481586626
14108.0,1271.1805667122442
14110.0,5724.728628979459
14111.0,1095.6311957723312
14112.0,2621.569644359868
14113.0,1337.3843678985174
14114.0,366.17979062855494
14116.0,3030.6140105936934
14121.0,9966.087422360784
14125.0,4696.259738752813
14126.0,3396.4486089601996
14127.0,644.418700011338
14128.0,582.3045672110757
14129.0,1178.4931295953184
14132.0,5712.292910765647
14133.0,451.15754077704406
14135.0,3769.301797349529
14138.0,1933.4359702281695
14140.0,3290.2050330503544
14141.0,2336.213271462819
14145.0,3446.5188195754963
14146.0,2408.318530058582
14147.0,504.9159774302135
14150.0,434.57668624286396
14152.0,609.9166806715957
14156.0,98955.86522290317
14157.0,412.88233957261264
14159.0,4036.559132591682
14161.0,815.7055524001994
14162.0,371.72089028760513
14163.0,2565.6497005653814
14164.0,1600.8911979731133
14167.0,686.5518460272581
14173.0,829.173113138245
14175.0,2343.0334067175227
14176.0,563.8468664665207
14177.0,1120.7215641261864
14178.0,2770.3696313313476
14179.0,1730.4522607240426
14180.0,4155.9499696469475
14188.0,1865.3130758556542
14189.0,3919.833179231437
14191.0,6536.255585414347
14193.0,621.1887820914711
14194.0,10907.874256654528
14195.0,469.0960158631999
14198.0,1022.0109049562051
14201.0,905.3922746570543
14205.0,504.13109361774013
14209.0,1805.779777619108
14210.0,1534.8437674512265
14211.0,2484.3956602058524
14214.0,796.3754216917363
14215.0,1563.5802173489865
14216.0,8421.836093082502
14217.0,1951.8262380997771
14220.0,411.10897229702016
14221.0,2955.350976105466
14223.0,995.4727278781112
14224.0,1003.3741402613531
14226.0,1667.189136114783
14227.0,2929.0147896926474
14229.0,1078.3507309525226
14231.0,863.9105492623498
14232.0,1800.0257396077584
14233.0,1448.119682997889
14234.0,3003.2363377963684
14235.0,2619.9686272669774
14236.0,394.16375805216893
14239.0,2490.1027054671977
14240.0,919.0718259973114
14242.0,350.2546693503065
14243.0,2279.0056924624264
14245.0,785.689922640479
14246.0,1374.1193786282195
14250.0,2069.2158879733456
14251.0,7468.779175329742
14256.0,466.8553877077931
14257.0,2439.1653430319943
14258.0,8415.28442452499
14261.0,1383.294955298439
14262.0,3291.214571467383
14264.0,514.4774216599488
14265.0,873.0003708627221
14267.0,806.663472827473
14272.0,565.3306416813151
14273.0,938.9840132880138
14276.0,987.5150436018769
14277.0,3182.1871349457415
14282.0,2978.928509227367
14284.0,1514.0086931440223
14285.0,3208.319923034026
14286.0,2820.228613795781
14287.0,520.3834275352623
14289.0,999.0415722657922
14290.0,1476.968260759361
14291.0,3371.9007021320836
14292.0,4655.234644610372
14293.0,795.2200617698354
14297.0,1399.0324952302772
14298.0,41835.69138446269
14299.0,3170.2442409321875
14305.0,2013.385987145258
14306.0,1606.9489380356708
14307.0,1910.3559063297828
14309.0,2159.7132469442768
14312.0,1439.609251472192
14315.0,2446.019076461633
14320.0,336.6103456030901
14321.0,1331.0474202321243
14323.0,597.2273723529886
14329.0,3255.9097645888105
14331.0,682.4168786023134
14332.0,1773.198254673847
14334.0,2152.910712796879
14335.0,996.1313152372626
14336.0,1396.557265637858
14338.0,434.79086682551724
14341.0,1918.5104723732363
14342.0,967.5442999806354
14344.0,812.5562675430807
14346.0,767.4039633966464
14352.0,1098.0333842670693
14354.0,2139.5764749314017
14356.0,1560.8778582847003
14359.0,2040.284885481356
14360.0,3100.970376315263
14364.0,4425.621658009282
14367.0,9265.30697795602
14377.0,537.3587361770287
14379.0,450.2316257097042
14383.0,1959.0761384352538
14385.0,3427.0166535888106
14387.0,3369.5301062712433
14388.0,2586.7379603678173
14389.0,1131.92145094532
14390.0,3755.014337406686
14395.0,2852.7089261970336
14396.0,433.5845109503658
14397.0,4022.0128635944166
14401.0,3546.6409621865205
14403.0,1156.5938131584403
14404.0,1350.4219071792156
14407.0,2218.168076211904
14408.0,2836.674856609893
14409.0,1589.2470719629803
14410.0,1314.9170966698844
14412.0,1658.4068872991966
14414.0,1374.6635577663235
14415.0,4544.214122194936
14416.0,1895.0751816635848
14418.0,4250.284332396801
14419.0,1063.1829092791643
14421.0,714.0368552376403
14422.0,4350.130742322998
14426.0,3779.722982252778
14427.0,1211.2941164489023
14428.0,1230.6536546771945
14432.0,6483.416358062562
14434.0,4766.74612644939
14440.0,1580.1317953917069
14441.0,1766.8812331548131
14442.0,806.7569969766663
14443.0,1091.6259802761303
14446.0,1211.9159222953583
14447.0,1217.6695564800343
14448.0,388.53525078047744
14449.0,797.4069825221632
14450.0,573.8092518762728
14451.0,719.3387525672762
14452.0,1070.9836300020315
14456.0,6255.2861075868395
14460.0,651.1948530710686
14461.0,1556.0074209564232
14462.0,2011.4285636741479
14463.0,962.6739390283324
14465.0,558.5588343813903
14466.0,1786.0663904220162
14467.0,757.9061369366424
14470.0,415.3284148706232
14472.0,1710.82748231925
14473.0,411.86822094983984
14475.0,823.3814875614212
14477.0,1357.9726181319118
14479.0,314.51571757754095
14481.0,518.6513197243619
14482.0,2565.5315735264558
14487.0,1116.378678963307
14491.0,348.3572772334616
14493.0,3569.1415860578245
14495.0,783.3052656403739
14496.0,345.98443835648214
14498.0,1662.4488720463496
14499.0,951.4754884645868
14500.0,642.1835338099143
14501.0,384.1571284213119
14502.0,2550.7760140644777
14503.0,4962.85584289525
14504.0,896.091699137918
14505.0,4186.942276267046
14506.0,1593.6353230890113
14507.0,1398.453311403346
14508.0,1111.3162411266244
14511.0,3001.3282164425164
14512.0,479.6419991557419
14513.0,722.9071027035885
14514.0,884.7965379074752
14515.0,2520.397676143087
14517.0,682.621039435167
14520.0,374.7199659857416
14522.0,1427.4675982481924
14524.0,1572.5090912931391
14525.0,3469.0090115210373
14527.0,7394.4083154826185
14529.0,1787.4501343048748
14530.0,2466.9087620449177
14532.0,849.5773091947807
14533.0,1583.7975979476691
14534.0,4325.78459520377
14535.0,2245.9643288689704
14538.0,544.4611713591437
14539.0,2848.2884308448765
14540.0,943.8288149080747
14541.0,1548.3097469149675
14543.0,3181.3565435182086
14544.0,716.2806851491413
14546.0,2592.524322708738
14547.0,15886.588647408233
14548.0,470.16917888221883
14550.0,2729.7940675564646
14551.0,477.87166192467373
14553.0,841.2412314665477
14554.0,9048.034951213262
14555.0,372.7148793215104
14560.0,1972.6301453378042
14561.0,1585.8688677646894
14562.0,5205.641724322591
14565.0,1677.0056694176442
14567.0,1573.6140390008868
14572.0,2551.0283340138794
14573.0,1318.6375818369463
14577.0,690.8294771424644
14583.0,1680.5679835213368
14584.0,1579.611813611803
14587.0,1612.4695774652705
14591.0,1415.3805157644838
14592.0,2241.108491117365
14593.0,686.3148459097703
14594.0,305.5320276801518
14595.0,1779.9351167311559
14597.0,1117.3414538006803
14606.0,10536.141715626656
14607.0,17317.995192667946
14608.0,1430.0671424268687
14609.0,788.1231455899956
14616.0,468.71166358755715
14618.0,559.7658694165808
14620.0,420.978406686997
14621.0,1448.5749725980234
14623.0,1286.726055070478
14624.0,1195.5537604286747
14625.0,408.7631224753807
14626.0,2803.5900269463677
14628.0,615.8461605767232
14629.0,2410.6854242124414
14631.0,898.1840038813186
14636.0,541.6725749278194
14639.0,1938.0253244239539
14640.0,2551.735761641845
14643.0,424.24005565621485
14644.0,696.0046713887177
14645.0,555.1369381547019
14646.0,247162.48367201575
14649.0,1369.352367011346
14651.0,612.2953709075937
14653.0,1677.0969796253653
14655.0,1750.7227774605972
14656.0,412.26920175124224
14657.0,700.7355771215875
14658.0,867.6779296716546
14659.0,2192.811939695274
14660.0,1016.5135258757573
14662.0,908.5719899959797
14664.0,2635.4190963709007
14665.0,1542.2440935040731
14667.0,7675.781889838812
14669.0,499.020676840262
14672.0,523.4044936023136
14673.0,1328.9510582005598
14676.0,2348.6487521482127
14680.0,22386.04365010895
14681.0,499.392367865411
14682.0,431.42310160138345
14684.0,1131.4198266627066
14688.0,4636.508400364291
14690.0,730.3910474384028
14691.0,2453.797288697345
14692.0,631.4953229820312
14696.0,1700.3993854217574
14698.0,4753.803072009956
14700.0,1868.4400395518599
14701.0,2310.013053385902
14702.0,2863.01524439785
14704.0,2904.2982679976767
14708.0,743.0178684810398
14709.0,4196.373153273482
14710.0,3019.417565502013
14711.0,3453.3664423757364
14712.0,2335.116633631435
14713.0,2292.0929540015372
14715.0,914.5893117912065
14716.0,727.2167560227948
14719.0,1924.2724844434824
14720.0,1632.0981307097725
14723.0,991.2393433625667
14730.0,2198.179427980762
14731.0,766.3095334111623
14732.0,2489.2112578882843
14733.0,6633.999314777465
14735.0,5352.953499423953
14737.0,787.8082541098561
14738.0,1396.650632983613
14739.0,2794.6690955887498
14740.0,1125.2946383201743
14741.0,1248.4156042843972
14744.0,1013.753642031669
14745.0,1268.3109418616255
14748.0,974.871817612188
14754.0,557.7976521152419
14755.0,4373.447862973111
14758.0,1243.545527565507
14759.0,1472.5308216336684
14761.0,357.10896734571617
14765.0,809.1080282361829
14766.0,2070.305469161468
14768.0,723.0050338581282
14769.0,8588.932540141941
14770.0,608.0898636085958
14775.0,672.6012032075909
14776.0,2251.958236674068
14778.0,525.7561111648647
14779.0,428.94649725221586
14780.0,1164.209073258823
14784.0,378.5581042975756
14785.0,2801.164380823476
14788.0,3287.819368857322
14790.0,1042.232772775072
14794.0,1351.8725768446516
14796.0,6469.817260226393
14798.0,427.0738398750354
14800.0,3419.140912703475
14803.0,610.4457980688028
14805.0,738.461415460447
14808.0,3797.561361913564
14810.0,1902.874164904631
14815.0,1575.6410989473527
14817.0,657.7264312220506
14818.0,905.7228780836215
14819.0,619.661064350129
14820.0,1162.973770285206
14823.0,515.3491521345948
14824.0,2757.562507329318
14825.0,2030.0101101775722
14828.0,1386.5632435521036
14829.0,638.0646133514898
14834.0,2165.6436066555843
14836.0,2399.130474362327
14837.0,1958.121091546764
14841.0,2576.1962410161505
14842.0,2415.93459817417
14844.0,2830.30567077526
14849.0,6427.813290668373
14851.0,562.1709610373787
14852.0,2891.0245648591617
14853.0,633.4360202596904
14854.0,2782.591495628692
14855.0,1010.3301836261559
14856.0,1999.725601295846
14857.0,1316.0158738878752
14859.0,1658.5157915242728
14862.0,1188.5170611234412
14865.0,251.19350072975305
14866.0,11837.097111705685
14867.0,607.4045522425234
14868.0,3481.8475038451083
14869.0,1297.6946447160394
14871.0,603.4461679050148
14875.0,1100.389497778595
14878.0,1323.8366262985467
14880.0,832.7449704924521
14882.0,2958.0648356515917
14883.0,1124.555681483947
14891.0,544.9785516426798
14893.0,5488.4723627848725
14895.0,9246.798367097248
14896.0,352.4137681604885
14897.0,1400.9192085843272
14898.0,1243.6342768546338
14901.0,1318.2807818183112
14903.0,2576.1311213058702
14904.0,4701.74667529303
14905.0,605.495386913156
14907.0,2503.5068825492312
14910.0,2471.424412225781
14911.0,122115.0928721765
14912.0,642.1895524160909
14913.0,984.8212633848394
14915.0,428.75578228708906
14916.0,1120.8745539756228
14918.0,1467.1673273266058
14921.0,796.0647269602982
14930.0,1165.9997647585026
14931.0,1548.4097459841353
14934.0,1003.5908662462127
14936.0,6636.027186021695
14937.0,1745.482908445495
14944.0,5240.7066098165415
14947.0,771.8140985774497
14948.0,1570.8885685874036
14952.0,6160.20441532678
14958.0,704.8999064125534
14959.0,837.5934147449913
14960.0,633.8237287054286
14961.0,5002.197850708987
14963.0,2291.767826103068
14970.0,1368.0421300939704
14971.0,2972.291963722574
14973.0,1126.8183758699226
14976.0,900.5195709491851
14978.0,1673.9083039580646
14984.0,575.9996576183887
14985.0,338.7650845062014
14987.0,331.3901125664526
14995.0,392.10077492913297
14997.0,1065.075344392845
14998.0,540.2793920549087
15002.0,1021.6266559518756
15005.0,5547.782107123914
15009.0,5989.392418228098
15012.0,358.73375217168774
15014.0,625.9502764749891
15018.0,543.6280346697586
15021.0,1702.8182306272531
15022.0,3660.3129113579184
15023.0,5429.27496850276
15024.0,1259.4221293512571
15026.0,687.0977606482143
15027.0,1237.1804432797442
15028.0,577.2391947414682
15030.0,578.7618258055505
15031.0,876.6713818080176
15032.0,1336.2334406988564
15033.0,2197.6752723274517
15034.0,3117.8745802655944
15036.0,1085.7426251058407
15038.0,787.1726797365072
15039.0,16779.17281747376
15044.0,6086.840405548919
15045.0,583.3509589037172
15046.0,4582.5275884885805
15048.0,525.22782293796
15050.0,2004.6708421161404
15051.0,2118.9931086151705
15053.0,770.3289041880874
15054.0,1975.8456960671253
15057.0,470.9410332753654
15058.0,2083.277304277896
15059.0,1363.617483159862
15060.0,3211.0241860258716
15061.0,37915.540760571486
15062.0,881.7592244990499
15065.0,2436.672216118105
15067.0,896.4943850930459
15068.0,567.4397813416005
15071.0,582.9042817609202
15073.0,1282.8826789697657
15078.0,8075.939848756361
15079.0,777.8724916742979
15081.0,632.1090563666164
15088.0,1734.2876024514242
15089.0,3249.7445894210005
15092.0,392.2670449108907
15093.0,3271.703123511198
15095.0,1172.555113888502
15100.0,621.8352443795739
15101.0,363.67668607059113
15103.0,1638.930540554566
15104.0,727.1377743018829
15105.0,4039.284762618009
15106.0,1439.314063043599
15107.0,505.3434921161462
15108.0,1701.8508025124524
15110.0,1025.4034898847021
15111.0,1087.9341355032982
15113.0,5931.958709630455
15114.0,2851.136384857841
15116.0,1597.9322430736547
15117.0,2036.1270237838276
15121.0,412.7953946216043
15122.0,1311.696043925126
15123.0,1401.1512669068754
15124.0,537.2190188203368
15125.0,8629.939479291286
15128.0,1624.3432572830493
15129.0,3523.914270999447
15132.0,1132.3953025863157
15133.0,853.537187409508
15134.0,2026.652107319714
15136.0,2451.1993107340486
15139.0,293.54682336597955
15140.0,2420.0354980205075
15144.0,6340.044885740328
15145.0,1238.3282664388298
15146.0,611.7711387966503
15150.0,5614.159934144838
15152.0,6747.68319671147
15156.0,5002.17477064178
15157.0,854.1888079278468
15159.0,14522.326098960071
15163.0,586.5699807550034
15164.0,777.4005207262452
15172.0,1911.7708016592633
15179.0,1153.9364528149865
15181.0,730.5958721807864
15182.0,497.8140839498858
15184.0,612.3152492814651
15186.0,694.8126299217885
15187.0,6538.836657608995
15189.0,15186.084736764136
15192.0,762.5957489280773
15194.0,6275.358138744244
15197.0,644.8258031778657
15198.0,761.6157895701281
15199.0,1128.280875151476
15201.0,1403.538106503794
15203.0,1824.5447614079471
15205.0,868.5663218688699
15206.0,794.7076338799224
15208.0,962.2938866597486
15211.0,508.57536837022184
15213.0,249.32387332648347
15214.0,1861.4445577780507
15215.0,1535.1410820935039
15218.0,5079.192422687943
15220.0,1865.4527431056445
15223.0,648.6568315181927
15224.0,340.5333578220923
15227.0,1086.9992819618992
15228.0,2495.4241412323436
15230.0,359.44703811140846
15232.0,938.8119083570488
15235.0,2070.683224951064
15237.0,1023.5892127201308
15238.0,1483.42201852507
15239.0,1591.2691744204712
15240.0,1578.3983377618256
15241.0,1822.9011939200075
15244.0,598.4084621278907
15245.0,1502.3757307187173
15246.0,416.41029447972215
15249.0,6953.435819691458
15251.0,9525.18823023435
15252.0,891.7488087761462
15253.0,1565.0415188097825
15258.0,640.3705794223833
15260.0,1376.4034828732078
15265.0,970.9915948605267
15267.0,1600.795157221554
15270.0,1838.5170357850163
15271.0,2367.330252378995
15272.0,1647.7562099079892
15274.0,4057.6232192771354
15281.0,1750.702731970469
15287.0,1355.1670628525617
15288.0,1898.0222813759085
15289.0,941.3182153257898
15290.0,6901.783760808322
15291.0,3884.591559653293
15296.0,2458.4064836253183
15297.0,2568.070573771774
15298.0,3916.8035965323224
15299.0,2129.4001671637193
15301.0,3859.337908009411
15304.0,815.7374871983028
15306.0,1880.6586452876104
15311.0,51487.53204245977
15312.0,791.961904931155
15315.0,1170.0801800797126
15321.0,1307.3647321485535
15329.0,1544.0852026396847
15330.0,2113.713382283269
15332.0,227.4315616742901
15334.0,900.7663546959892
15339.0,465.3379350548868
15344.0,1877.3361986005636
15349.0,543.0437989605156
15351.0,1642.9655773042327
15353.0,474.27425279261735
15355.0,1671.4505570247875
15356.0,2451.810999720703
15358.0,6744.986283547476
15364.0,760.9444982762061
15365.0,2043.2412520061102
15366.0,510.19433557970876
15367.0,1307.7041326989997
15370.0,2246.4519886362523
15373.0,2030.9773135091928
15376.0,1060.3581367650584
15379.0,2100.434704488622
15380.0,1406.1009359256116
15381.0,529.8483169388952
15382.0,4783.87431471881
15384.0,424.70853939815936
15392.0,1170.0401522508998
15393.0,387.09086224873187
15394.0,1455.427573098046
15398.0,2364.8396952416865
15399.0,2399.2246136982444
15400.0,797.793129587366
15402.0,596.0943764479425
15406.0,455.10879319556665
15407.0,1119.004886333282
15410.0,3780.935264408092
15411.0,2199.6132590098255
15414.0,1126.779612664166
15416.0,2705.1975524323548
15421.0,834.8359902183458
15426.0,1033.9723466134742
15427.0,4549.133000126316
15429.0,1302.0179199688905
15433.0,429.233557608646
15434.0,1460.8249816778798
15436.0,1062.1473986980889
15440.0,785.4793891768188
15443.0,2842.1809981296083
15444.0,4983.634375223098
15449.0,956.5556075958962
15452.0,660.123650572633
15453.0,2375.0398425736444
15456.0,347.017397178001
15462.0,715.3104258917411
15465.0,6001.981535437817
15467.0,1008.6253058510848
15469.0,998.2636727186607
15473.0,5218.37917750852
15478.0,2766.3395153489373
15482.0,8683.395887611974
15483.0,410.0626101276831
15484.0,6501.145211414126
15485.0,1297.9215536476145
15489.0,1326.1646566464312
15491.0,2789.9777790193825
15492.0,1350.8656279759646
15493.0,1773.4304657989412
15494.0,908.4822032942616
15497.0,450.50904520063517
15498.0,10588.057678236846
15500.0,3128.4225168313496
15502.0,7802.051001442218
15505.0,4983.742273065818
15506.0,1907.4533552960927
15508.0,1214.4811354054334
15511.0,3119.2220079115723
15512.0,260.6383756085018
15513.0,11985.12951409517
15514.0,2376.174457966947
15516.0,1413.8804643260166
15518.0,1704.6459000652048
15521.0,3153.571346797552
15522.0,1130.1183519109122
15525.0,613.4885909201071
15527.0,2156.8663159226057
15529.0,3353.683945911746
15530.0,1422.8215946249804
15531.0,3696.9158716689944
15532.0,1195.8008073135456
15533.0,1848.1559050357503
15535.0,507.7487697145105
15544.0,2847.3977067557666
15545.0,323.0672369042009
15547.0,3810.5870463929587
15549.0,888.9081431067818
15550.0,759.6021714946298
15555.0,4157.658394991989
15561.0,1046.2293531298346
15563.0,1032.9559592404003
15565.0,1212.8145864749238
15568.0,2600.680391529404
15569.0,1180.5606998992062
15570.0,3310.203913660507
15571.0,2484.200960356937
15572.0,2417.1638222059382
15573.0,1257.941856374735
15574.0,500.74335185861906
15577.0,428.8230138990128
15579.0,373.76410171653964
15581.0,3141.9184173145586
15582.0,868.4183959395299
15584.0,1525.7828457138487
15587.0,751.0978648772954
15589.0,447.654477671171
15594.0,2173.913750834266
15596.0,1076.6471965228527
15599.0,698.1063162903272
15601.0,5218.254627898796
15602.0,1322.5628111671667
15605.0,1054.201718004002
15606.0,2733.350967695357
15608.0,2214.774555624673
15611.0,1735.268534279208
15612.0,1448.0085841828623
15615.0,8242.702879532037
15618.0,1599.4677855688885
15620.0,1031.9585193699108
15621.0,6892.2348965351875
15622.0,3329.9075443721717
15624.0,850.6155285601241
15625.0,1369.7084754947723
15626.0,494.3403650088547
15628.0,2387.4081516122824
15630.0,1113.5876891908003
15632.0,3434.1742211186684
15636.0,585.6830579631826
15640.0,10224.318386639765
15641.0,1439.7142842840972
15643.0,519.6914973743765
15644.0,910.0026200344477
15646.0,458.3496096908509
15648.0,551.3294081481474
15649.0,372.8764471009792
15651.0,633.6005508680121
15653.0,1860.2997562557568
15654.0,3354.1806356085135
15656.0,860.7250657264137
15658.0,854.2384140970469
15660.0,1402.2759177541861
15661.0,340.8256649302097
15665.0,917.8745063050344
15669.0,905.5295422938331
15671.0,2824.1709153632723
15673.0,1824.7535394129736
15674.0,2611.813326309204
15675.0,614.8390501684825
15676.0,2408.456971373639
15679.0,1418.5395884904435
15680.0,839.1852811302549
15681.0,1378.0396031544576
15687.0,2672.8040887625043
15689.0,327.12580907935774
15690.0,996.5021404071381
15694.0,5350.700956164603
15696.0,2360.457611917217
15700.0,452.6700691229353
15701.0,2358.7525357284467
15704.0,1886.8982890591155
15706.0,2112.237909625822
15707.0,3114.5327184679786
15708.0,2648.0526174243496
15712.0,1138.8449480818442
15713.0,340.2141780706457
15714.0,1366.6094366972889
15716.0,718.4809736566076
15719.0,4473.5111948639005
15722.0,2030.5822612688153
15724.0,380.42628677253964
15727.0,3205.7507972452267
15730.0,1213.9762096093982
15732.0,318.40947716678227
15734.0,1099.4340600715084
15737.0,1361.9059632960555
15738.0,4010.09307308695
15743.0,1222.6169274846627
15745.0,1315.7858196999332
15747.0,1524.5807514255741
15749.0,12056.686079183395
15750.0,1990.8655495870166
15752.0,2150.365978591079
15754.0,772.7503927320226
15755.0,2319.592516902091
15756.0,877.6437207563984
15757.0,774.2450912424854
15759.0,410.0118738139462
15762.0,1479.0674555387702
15763.0,2091.574350628474
15764.0,2358.3683828348803
15768.0,740.8205647893435
15769.0,46738.86961170404
15777.0,740.2684918367822
15780.0,502.32301084248957
15781.0,555.4885124264787
15782.0,3203.3334571682703
15785.0,1580.9697161744361
15786.0,3269.2542666077015
15787.0,2237.942291954967
15791.0,764.3035450107786
15793.0,958.8955903368123
15796.0,2651.213332625598
15797.0,2086.8124830995657
15799.0,716.1681819687635
15800.0,689.596264899676
15801.0,2621.3862584817543
15804.0,5968.047452081971
15805.0,4605.29567992602
15806.0,790.6646119457979
15807.0,1493.264333433165
15808.0,2173.8715349209724
15809.0,692.7990849927105
15810.0,1253.661197677797
15811.0,1803.588718781199
15812.0,1684.6548464348123
15813.0,739.8006108600645
15814.0,4428.969907053792
15815.0,2149.333383987703
15819.0,1561.818765167904
15821.0,1894.1959695901583
15822.0,483.09712479375924
15826.0,1207.20004719144
15827.0,1681.406895151302
15829.0,957.524606523907
15831.0,686.254374282461
15834.0,1168.4290049556673
15835.0,859.4777320575796
15838.0,27117.70052607371
15839.0,1765.6728850816546
15840.0,608.9081662451254
15841.0,1017.1292482681303
15845.0,3265.3588270766777
15847.0,442.31328512061725
15850.0,629.9346873948275
15852.0,458.8986614663727
15854.0,2599.8871043244244
15855.0,1081.5809679956176
15856.0,12796.018636836718
15858.0,1107.5240014148853
15860.0,1049.8483879151718
15861.0,2929.9526797934795
15862.0,648.603709160705
15863.0,503.4164937100009
15864.0,1864.2941690583523
15865.0,1103.0780639443929
15867.0,3404.0179244305314
15874.0,4069.7571762672737
15877.0,3750.0353400424233
15881.0,549.0883673066281
15882.0,316.61268588468454
15883.0,2661.289502236024
15885.0,623.8121994374595
15889.0,318.9415002884589
15894.0,294.09305994103113
15898.0,1069.7386980957056
15901.0,1020.5324579325221
15903.0,5088.763891555833
15906.0,1658.0684952983793
15907.0,1258.828306359189
15910.0,1396.8414970144142
15912.0,460.9349227235237
15916.0,1358.4023594970276
15918.0,449.06008375148696
15919.0,433.19787595297987
15932.0,2578.652998635961
15933.0,2660.1973691275048
15935.0,392.5630276799929
15938.0,660.909344389994
15939.0,5250.385056279327
15948.0,2426.161967195008
15949.0,1303.5490407516654
15950.0,1270.8462766712923
15951.0,527.240641875062
15952.0,1140.0461821029587
15953.0,1489.8491022897897
15955.0,3387.3898877758043
15963.0,1993.4799802744856
15965.0,733.7756206208109
15967.0,424.6852776467853
15969.0,989.6729834078665
15971.0,3663.521531520151
15974.0,3015.182299677228
15976.0,564.8776252387837
15977.0,3836.8759036718748
15980.0,1515.8145239547289
15981.0,3276.416572126478
15983.0,1022.2590990816141
15984.0,2529.8192087645984
15985.0,553.6404398044536
15987.0,1351.6327546919529
15990.0,560.0542218557237
15993.0,8484.700133364913
15996.0,955.9703768918611
15998.0,1975.2810656729434
16003.0,1422.656497433151
16005.0,768.2975343973346
16007.0,2038.5636933042433
16008.0,887.2947865556728
16009.0,1492.4341497350442
16010.0,495.3158171806812
16011.0,2970.486151355426
16012.0,2109.015686427751
16013.0,30429.210789211138
16014.0,686.9525253041068
16015.0,3052.2561601338316
16016.0,1229.4037708215574
16018.0,715.9447338973094
16019.0,3202.7697944953143
16020.0,1858.1483240312389
16023.0,866.8550318579375
16027.0,981.313647967605
16029.0,65032.592891525666
16031.0,533.3921516584296
16033.0,7515.443278807941
16034.0,528.1877462568389
16036.0,729.7584536612997
16037.0,664.9252929186431
16038.0,697.8604717045815
16040.0,1153.3902681565544
16041.0,1105.1446549816346
16042.0,1244.4466068887173
16043.0,746.0002609380534
16045.0,989.5514598086826
16049.0,2781.570904162134
16053.0,1197.2181507938385
16057.0,1793.0694779470966
16059.0,1357.9403210837359
16062.0,957.9470206933122
16066.0,3241.8647778534337
16070.0,2375.2816569650695
16076.0,3203.8455719659332
16079.0,5221.665799004455
16080.0,381.21123515637305
16081.0,2259.6023207912313
16083.0,756.0829731132151
16085.0,1051.4679586511734
16086.0,1027.872230107706
16091.0,564.6207824387642
16092.0,873.7750425405973
16094.0,1322.550558953878
16098.0,1543.6105850199187
16099.0,884.5686515541671
16102.0,2411.540540919934
16103.0,1940.0114555409864
16107.0,4558.560087849049
16109.0,459.7097540383668
16110.0,1031.1166913184106
16112.0,449.73404261336975
16115.0,1931.7317330885085
16119.0,1261.9260016647904
16121.0,886.1966092377527
16122.0,728.826260712319
16126.0,4915.260702755973
16128.0,1819.4596698033413
16131.0,2989.3949380325635
16133.0,14210.2900389656
16134.0,425.4539703666326
16136.0,841.5340809035872
16139.0,1045.7498231060217
16140.0,545.7966893510767
16143.0,1888.9535388446027
16145.0,3249.784181130094
16146.0,797.8357613186383
16149.0,726.6895151508523
16150.0,1522.6729018242431
16153.0,1558.1295071939724
16156.0,3035.8007102188685
16157.0,2520.708214181459
16160.0,1292.0182703192663
16161.0,4870.919116069105
16163.0,453.40842923196095
16164.0,4043.4062906530485
16168.0,3331.611571666459
16169.0,4721.247046132644
16170.0,2200.410641641152
16172.0,1441.4109999295074
16173.0,3556.150762373917
16174.0,1648.0206594919016
16175.0,1268.2836875439184
16180.0,11153.381759062464
16182.0,5279.591551299123
16184.0,1856.9656040975005
16185.0,529.2115936479879
16186.0,3274.238302086067
16187.0,6829.973734214766
16188.0,1324.5878741689492
16189.0,1028.4200180246498
16191.0,4066.044732290204
16200.0,1080.1194933696538
16201.0,4152.259413245298
16203.0,612.1818668981405
16205.0,1500.5273358776176
16206.0,655.799969763141
16208.0,414.17239169467643
16209.0,2549.1212838249626
16210.0,15486.365437116607
16212.0,439.231033257355
16214.0,839.383075153076
16217.0,380.3247942509356
16218.0,2268.1055259630966
16221.0,739.1897933690941
16224.0,1582.2175489202905
16225.0,1035.6782257224654
16226.0,576.6130649181972
16229.0,956.7526420081402
16230.0,590.6901510208005
16232.0,1138.0653558855247
16233.0,547.7344137174235
16235.0,983.0028889574173
16239.0,515.7400886791002
16240.0,4746.117581572308
16241.0,2254.9837493110354
16242.0,3837.7651197220293
16243.0,1759.3675239696272
16244.0,472.3649922231682
16245.0,1263.1310883311276
16249.0,1576.3818705019858
16250.0,318.46201479390635
16253.0,1758.0347811562997
16255.0,2124.5294733731507
16258.0,5405.359391040692
16261.0,969.2869276142858
16265.0,3970.969477513574
16266.0,1381.5160145977381
16271.0,1311.2120070855808
16279.0,2008.1864645016576
16283.0,2163.366948228017
16284.0,2487.2722654136
16293.0,1750.8125061350172
16295.0,4512.928702557804
16298.0,1132.7106406360224
16303.0,3434.6125216644064
16306.0,780.1487510645585
16308.0,2559.4797490107767
16309.0,643.6226917107905
16311.0,1949.0743394370961
16313.0,1651.9983419406763
16316.0,2426.6061808765076
16317.0,956.9089175840463
16320.0,548.9358405708679
16321.0,543.2428533906663
16322.0,2048.334324403389
16324.0,729.9044831063167
16325.0,808.9988393295597
16326.0,2946.049523775553
16327.0,2805.3702096442344
16330.0,1015.6949898196299
16332.0,1770.5539709116233
16333.0,24862.382758369615
16341.0,1808.7143150774905
16342.0,887.4480942185965
16347.0,3169.1787390790396
16348.0,1654.7885488668067
16350.0,917.1735520998534
16352.0,2595.25369879335
16353.0,5745.900154606252
16354.0,1052.704233827923
16356.0,483.75073182614636
16357.0,1040.8085689439686
16358.0,2646.4815885958524
16359.0,1852.91488698897
16360.0,9965.237085630086
16361.0,2996.7281256885267
16362.0,1808.5250766308486
16364.0,1051.0412616810233
16365.0,1459.6087832645699
16367.0,575.7927355926914
16368.0,2699.1737351119295
16369.0,1878.0913244545031
16370.0,1646.963876885949
16374.0,557.2277862892909
16376.0,3039.8356952939307
16378.0,515.3831297326803
16379.0,5758.080513960544
16383.0,574.1621270896011
16384.0,456.8098479359612
16385.0,559.2419637917701
16386.0,532.8985878908811
16389.0,1522.9982507688885
16393.0,2696.430908407361
16394.0,1554.5499916488304
16395.0,1327.9602600311841
16398.0,725.5808701620526
16399.0,550.4671037323279
16401.0,3675.175952018466
16402.0,283.86201762226233
16405.0,337.8941558734324
16407.0,2145.7777916390232
16409.0,1850.472247716916
16411.0,287.5006777232398
16414.0,367.1635362056597
16416.0,3753.997475137099
16418.0,994.4197887604539
16419.0,1012.2124382597175
16422.0,28410.3326010976
16426.0,2051.1912689829455
16427.0,370.5394834581711
16431.0,476.44367061322583
16434.0,1481.3257585286008
16438.0,2906.7616227483786
16440.0,4568.282392091604
16441.0,413.3488380459521
16442.0,604.5770454256625
16444.0,948.8679833387932
16446.0,147232.1660347008
16449.0,498.97844885205717
16454.0,1109.4817718054348
16455.0,1431.1144285657256
16456.0,1314.461001210577
16458.0,3174.4984888505323
16460.0,2459.485335192079
16462.0,468.041764023873
16463.0,1868.352762376966
16464.0,2097.689069838956
16466.0,1863.5884700441575
16469.0,778.8974551048709
16470.0,721.3474557814978
16473.0,442.61843676973297
16474.0,3467.0780013835147
16475.0,648.4873188570256
16477.0,2073.8317953725714
16478.0,1716.3388864781296
16484.0,535.9638331428115
16488.0,1094.2664431406938
16493.0,1294.083228663291
16495.0,612.8320492633426
16496.0,969.1648754480957
16497.0,2498.9804571573964
16498.0,488.7974601114956
16499.0,269.0333315138832
16500.0,573.2149176093861
16503.0,994.2610423095879
16506.0,1658.1819006864043
16511.0,923.8333431267519
16513.0,5128.941045840798
16515.0,1505.2838710931935
16518.0,502.49297416966283
16519.0,304.8443046296023
16520.0,757.2530545546598
16523.0,8733.52827382458
16525.0,11019.39222298739
16531.0,1268.3053132915388
16532.0,3592.6683918277517
16533.0,3255.3519096719383
16539.0,963.286063563693
16546.0,474.21272620993534
16549.0,3822.88417733624
16550.0,1599.0421374028892
16551.0,744.1465896186158
16552.0,379.46736628787755
16553.0,3478.272145474533
16554.0,909.6750109629004
16555.0,932.9350775202569
16556.0,2702.244806874151
16557.0,827.9117044706684
16558.0,6870.121235870145
16560.0,517.3568145219484
16561.0,1788.6117900320178
16566.0,895.5141977823268
16567.0,433.3969672516827
16570.0,3457.3877543969847
16571.0,1179.1589264155343
16572.0,942.8651749653659
16573.0,541.155960827563
16584.0,578.1180060180503
16589.0,1098.5585720943272
16592.0,4091.4543234894786
16593.0,519.2839319626574
16596.0,313.3664351064959
16600.0,942.2074145586973
16603.0,1153.8206467457712
16607.0,2856.597143306757
16609.0,5855.98810472728
16612.0,1111.7347951216418
16616.0,856.9481628698165
16618.0,1857.7487652158327
16620.0,398.8742033506448
16621.0,1009.8324619348808
16624.0,781.4609394400613
16626.0,4564.097729712333
16628.0,2527.443201054573
16629.0,1100.1934503703656
16633.0,3299.6697009640047
16634.0,266.9759358372728
16637.0,1438.0317413123346
16638.0,1672.47393261811
16639.0,1356.614212663319
16642.0,748.0930440424087
16644.0,487.9441912211817
16647.0,484.8537471807284
16652.0,5377.449036242182
16653.0,1233.658087766116
16654.0,585.5360129982655
16655.0,2840.235816565795
16656.0,7153.301864813563
16657.0,1132.9814402404381
16660.0,1047.7141159549321
16667.0,549.4884611304927
16668.0,700.6689128581717
16669.0,2233.5434319492797
16670.0,3389.272702012211
16671.0,1038.7862016638132
16672.0,8306.814567551595
16674.0,1118.0500914851368
16676.0,1193.783448137393
16678.0,3382.4115285468088
16681.0,2054.9224519747786
16682.0,1322.7077343193182
16684.0,55782.79349041072
16686.0,2498.6390811452275
16688.0,5072.661691622662
16689.0,1137.4097738623498
16690.0,551.7148467413801
16692.0,1056.862837225826
16693.0,545.3004637569493
16696.0,1090.679543846909
16698.0,887.9315712831977
16700.0,4242.1303763775595
16701.0,4420.695267293656
16705.0,11032.784251524614
16706.0,1296.8382054124286
16709.0,2100.4310271534086
16710.0,2028.2749186358433
16711.0,1418.5800156916014
16712.0,3849.7042046332763
16713.0,5732.620235643827
16714.0,286.75490240143193
16716.0,370.5881479685074
16717.0,3007.766992300689
16719.0,1400.0286333382055
16722.0,3825.013660752572
16723.0,973.5008310239895
16725.0,841.6077541615467
16726.0,1205.7646965607769
16728.0,1222.6025229919098
16729.0,8847.160849295073
16730.0,742.1101056633263
16734.0,1200.916698097364
16735.0,1586.6774053838496
16743.0,1744.8026192481134
16744.0,2551.061646300314
16745.0,7157.747899170989
16746.0,5792.422411264444
16747.0,1860.1901824836923
16748.0,1196.084358906993
16750.0,1091.2049265336875
16755.0,1201.248464927213
16759.0,3262.793431924285
16762.0,2449.52436856461
16764.0,5937.614013333949
16767.0,3741.051283283338
16768.0,647.1288774138338
16770.0,798.4493723800422
16771.0,1892.2795204508839
16774.0,1334.0391860498917
16775.0,1558.0422268600544
16777.0,377.659102128009
16778.0,425.23963199210044
16779.0,8973.407093442976
16780.0,524.4371934366825
16782.0,1948.437876199509
16788.0,558.9458844552936
16790.0,6716.138054755384
16791.0,1594.1873544702512
16794.0,2165.7902860584145
16801.0,1219.191734049988
16804.0,612.1903998739017
16805.0,375.68549019200196
16806.0,1064.8790241934573
16807.0,1028.3633729621292
16808.0,404.049933150512
16809.0,1168.0987009218024
16811.0,3651.906270205145
16813.0,2691.196469957493
16814.0,5563.169916193654
16816.0,578.1645132262413
16817.0,1443.9789526076233
16818.0,4495.050133793617
16824.0,768.8052710589801
16825.0,898.5297748418886
16828.0,722.1339154352522
16832.0,636.2720201147091
16833.0,875.2554558241599
16835.0,291.4268625903515
16836.0,923.3767857505826
16837.0,4008.532179667234
16838.0,427.72412487211363
16839.0,13884.785161160595
16841.0,1906.998875443741
16842.0,921.6857551845621
16843.0,8903.599255076268
16851.0,2390.66897937852
16852.0,516.7589760331683
16855.0,2010.989263655612
16859.0,673.6811284424164
16861.0,644.0506325989058
16863.0,419.70241469200465
16866.0,776.1117447511369
16869.0,1453.9193297649995
16871.0,2646.630364693934
16872.0,916.9248644629179
16873.0,4083.0359569021684
16875.0,1628.3811697622168
16877.0,1586.2277741097496
16880.0,2377.843272525336
16882.0,846.196081243866
16883.0,316.41912787381176
16885.0,491.25451998430344
16889.0,1045.821245560703
16891.0,756.4612545744048
16892.0,1177.5617703279136
16897.0,299.1253056109765
16898.0,547.0732343256255
16899.0,1208.3150777155358
16900.0,1774.9336724522968
16904.0,3189.2162391974957
16905.0,2452.2671191282866
16906.0,935.7811975281536
16907.0,928.7626076521336
16910.0,5024.451145352614
16912.0,2248.9621424847974
16915.0,998.1921921771446
16916.0,433.27719319749656
16918.0,1054.9036819998053
16919.0,2298.892608190229
16923.0,5991.556476283979
16924.0,2435.0978894539912
16927.0,514.0859139164742
16928.0,2608.6819620069664
16929.0,2595.737730072506
16930.0,1444.9545879295774
16931.0,4077.996355782229
16933.0,624.4829068719231
16938.0,2378.9662920551236
16940.0,2169.9771866305186
16942.0,2565.055700471009
16943.0,608.2527393933171
16945.0,3772.7939083401216
16948.0,595.7818977783239
16949.0,1451.9542654030258
16950.0,931.8039151202375
16951.0,528.7623186402454
16954.0,1757.1113891538016
16955.0,570.5189527605587
16957.0,493.0658402021378
16960.0,701.5037444726474
16966.0,2520.6313704588392
16968.0,1030.3546559549306
16969.0,842.7142968914181
16979.0,1804.0498397379079
16980.0,500.1722211890892
16983.0,1705.2632488501476
16984.0,2235.988386806304
16985.0,3906.2066657424552
16986.0,8573.853561745571
16987.0,2417.5131679140945
16989.0,1280.0751640311332
16992.0,1534.0624088805291
16996.0,1353.6129694449487
16997.0,558.3656118605588
16998.0,514.6325998777122
16999.0,1490.466126660569
17001.0,3335.98856051934
17002.0,1141.744454078887
17004.0,1539.56230497191
17006.0,2706.403679810749
17007.0,862.1726975726834
17014.0,2443.840025880193
17015.0,2117.515991521795
17017.0,6727.013846979318
17018.0,569.6419427469938
17019.0,953.3836881681151
17024.0,747.0587830666974
17025.0,341.07212719411746
17026.0,304.5200151771489
17027.0,977.1023169427085
17029.0,642.2551122102984
17031.0,719.0458784131552
17033.0,770.1607742868725
17034.0,856.4584725406603
17035.0,380.27642988827546
17041.0,802.9482515269141
17042.0,1306.861344694445
17043.0,1888.0821746448955
17045.0,709.1044374324227
17047.0,725.4160921102771
17048.0,793.1556268815127
17049.0,5292.69137851034
17050.0,3227.2713119347018
17054.0,1600.671699546901
17058.0,1007.9816423521336
17059.0,2044.4011712092156
17061.0,4539.6718312252
17062.0,573.7182302716508
17063.0,1390.507080624635
17064.0,833.2692901410339
17068.0,4042.449803401325
17069.0,2223.9864890083913
17071.0,2370.311456298205
17073.0,3000.3812960333407
17075.0,886.403850782816
17076.0,739.5630353905684
17080.0,473.2929362657824
17081.0,1924.4705090011385
17082.0,1076.4835238816531
17083.0,897.0204063712981
17085.0,1164.7317885008422
17086.0,7233.666081720255
17088.0,1411.6675373998487
17090.0,1942.5187579850926
17091.0,3057.791489918955
17092.0,1891.7242485120225
17095.0,1021.2608279699118
17096.0,1290.4692367833486
17097.0,967.4263608213657
17101.0,2494.4143868289575
17105.0,497.16170180418095
17107.0,8956.05796423926
17109.0,948.0204140024249
17114.0,974.1311449787762
17115.0,965.3109809466491
17119.0,1333.0568866279252
17126.0,808.3031317567559
17131.0,5922.461477214356
17133.0,4713.117059598692
17134.0,398.97880385162733
17135.0,1003.187450597995
17139.0,8379.619433904514
17144.0,1632.8912451305755
17146.0,599.0660624343574
17147.0,1428.9171605019367
17152.0,1262.1993828199675
17155.0,590.0195110031932
17157.0,642.3805448753927
17158.0,851.34868089536
17159.0,1883.8755036375965
17160.0,3729.1387993504773
17162.0,1570.8513593789207
17163.0,1295.0950697800251
17164.0,2205.2520392886668
17166.0,495.2517913352779
17169.0,973.8780924885274
17173.0,7334.017004887472
17175.0,1178.411614959226
17179.0,605.3180996231303
17180.0,743.2379265896636
17181.0,284.9175211886543
17183.0,7982.500686248791
17186.0,1330.2876097639678
17188.0,1841.6424537427058
17189.0,332.4496402869401
17190.0,633.2436602118065
17191.0,1484.8163987260418
17193.0,2453.6109239286775
17194.0,249.8827978585108
17198.0,559.8810684819022
17203.0,8266.55660672816
17204.0,1075.1952069638776
17211.0,1947.4644148156108
17213.0,2200.966924305478
17214.0,1049.9086545737289
17218.0,1702.3998691296265
17220.0,2688.4442670858666
17221.0,2350.6966185942674
17223.0,300.8398999919606
17227.0,950.7991176413677
17228.0,1687.27331892031
17229.0,769.4177783063571
17230.0,1647.741986243659
17231.0,2759.061801815887
17232.0,3855.9345630810144
17235.0,347.973787154114
17236.0,960.2268205854822
17237.0,2503.6497141898594
17238.0,3123.556074522515
17242.0,882.5400188864382
17243.0,7432.700647504485
17250.0,494.3682225006102
17252.0,467.37398405508947
17254.0,3151.939218432127
17255.0,413.2062925675792
17256.0,352.371744483746
17259.0,356.61869712023616
17262.0,1006.7233632179559
17265.0,636.3615803800478
17266.0,982.5779211046106
17268.0,1105.8308136523558
17272.0,1849.5356504457034
17277.0,470.0219734406704
17282.0,1095.2504150521931
17284.0,1148.4067563341966
17287.0,1078.270037138425
17288.0,1379.6400782854648
17289.0,1519.0798700410126
17290.0,3435.5795263951304
17293.0,1583.415193469759
17295.0,1750.038272042928
17298.0,1160.5346827896744
17299.0,1367.4064026774242
17302.0,1230.2687233569895
17306.0,7456.749955924081
17311.0,766.7352107149576
17312.0,1321.4387297254764
17314.0,2532.5639094660432
17315.0,5793.994294951681
17317.0,2318.123761871807
17320.0,769.4212062127478
17321.0,1171.4056878032163
17323.0,1192.168869643531
17324.0,923.6419919184615
17329.0,448.9441359817643
17330.0,1297.1134987161472
17334.0,258.27836525887267
17337.0,1189.9515853847993
17338.0,5000.409871652046
17339.0,340.8289316696087
17340.0,7888.620958376256
17341.0,381.55822870269475
17345.0,997.6703411698597
17346.0,2417.0776529407503
17348.0,1301.9897113507357
17350.0,5386.695354530154
17351.0,719.9174993446754
17353.0,1480.042156966486
17358.0,302.92703188908115
17360.0,710.4922109221503
17361.0,720.9111820958186
17362.0,376.57796539608245
17364.0,3956.6332984601595
17365.0,3798.785906628133
17368.0,1538.8442774561236
17370.0,1142.7578104802005
17371.0,418.99131040050213
17372.0,1297.8532640446128
17373.0,785.441524160035
17374.0,501.5131500062429
17375.0,492.16483700160904
17376.0,345.36914749754106
17377.0,3566.4864201622804
17381.0,16166.526950797752
17384.0,487.43596417031
17386.0,3637.4728436413884
17387.0,3312.9866985267163
17388.0,1172.6356133564736
17389.0,29977.28156042953
17391.0,572.653250893793
17392.0,313.4658952529983
17396.0,5015.869493336584
17398.0,730.8983054038059
17400.0,1634.3068840247217
17402.0,2129.7812369276758
17404.0,25977.542911212902
17405.0,1587.959493218969
17406.0,940.6400078540722
17409.0,714.3395618718431
17410.0,1650.0663440706073
17411.0,840.4472963348361
17412.0,1161.3092178120567
17414.0,637.6808190543627
17416.0,5141.613959384241
17418.0,447.5046939279039
17419.0,3467.13118312797
17420.0,586.4228284977634
17422.0,1949.0820125695727
17423.0,606.6708734853748
17425.0,1339.0524707656286
17426.0,3784.165405421011
17428.0,14429.84373665709
17429.0,833.9042549763104
17430.0,326.1197916046262
17432.0,2260.8589971578317
17434.0,6534.129375740273
17436.0,462.15948774619875
17440.0,397.05212034208023
17442.0,2125.232033889259
17444.0,2823.910310693666
17446.0,317.22814736441796
17447.0,1384.2364130859796
17449.0,1762.0668708004375
17450.0,162125.62803745506
17451.0,4102.085756834263
17453.0,1448.5478228330303
17454.0,583.8980804809615
17457.0,1423.54936126556
17459.0,2013.7873868065521
17460.0,796.3749234174962
17461.0,3323.2129877154985
17462.0,450.05838020633036
17463.0,1396.338654020644
17466.0,1559.7552089621402
17468.0,2835.431889839607
17469.0,2539.1511183028924
17470.0,1029.6984104052726
17472.0,713.9663943947364
17481.0,3424.6534073486505
17483.0,882.612650285533
17489.0,550.9303248589251
17490.0,3319.891545737924
17491.0,2945.6353364993365
17495.0,2114.169555929958
17500.0,6381.737781110571
17502.0,4955.060158624499
17503.0,2325.9523482970853
17504.0,2556.176262107475
17505.0,972.1167213305844
17507.0,430.2868560315353
17509.0,6532.42403752883
17511.0,74310.1494175928
17512.0,2783.3390490640313
17515.0,698.0064249578422
17516.0,801.3957826493653
17519.0,1478.3327218950717
17521.0,1153.7172236749532
17522.0,1642.1883208288418
17523.0,5289.277636325816
17526.0,998.7527407762641
17527.0,1254.5427010856795
17528.0,9581.937568811722
17530.0,2025.710653885214
17537.0,457.50710183839846
17540.0,465.23175446732745
17549.0,1638.723244742312
17550.0,431.61902628536484
17552.0,688.9705996874238
17554.0,2741.763494982238
17555.0,429.3980459165196
17557.0,1744.4422499066084
17560.0,992.7531895578162
17562.0,1985.518930887555
17564.0,1956.6273437501013
17566.0,4098.567430517819
17567.0,3284.6797415707515
17571.0,1411.4902992017958
17572.0,431.5325927490175
17573.0,1462.2806702429891
17576.0,3311.2822180241847
17579.0,931.0866811583617
17580.0,418.36602657501174
17581.0,8406.041970600543
17584.0,1298.9644960938315
17585.0,886.3370412987146
17588.0,1270.9484067756673
17589.0,2332.037704350917
17590.0,6345.30736415217
17591.0,1753.2923976993475
17593.0,2804.224971290833
17594.0,830.6065834984541
17595.0,2402.280846494912
17596.0,2216.1184735717948
17602.0,4028.8382042890476
17604.0,382.7579315296255
17609.0,889.1020263717015
17611.0,3493.1838614761687
17612.0,2019.8913952639666
17613.0,4239.036121412636
17615.0,658.6844189187342
17616.0,456.10044651029307
17618.0,719.2004165111946
17621.0,1050.5726023004847
17624.0,765.0553914928835
17625.0,1888.771375352782
17629.0,1628.471769232071
17630.0,498.80100279640334
17631.0,680.4991645600345
17633.0,2766.9974349162476
17634.0,1752.0817192422032
17637.0,999.5343477044062
17642.0,790.0248380465665
17644.0,3137.6539733303707
17646.0,780.2135748382483
17648.0,1523.4659879102542
17651.0,6241.225687464581
17652.0,5303.202527582666
17653.0,2865.071998635205
17655.0,1867.2281708794799
17656.0,3393.4209845941527
17658.0,647.4162496739783
17659.0,2572.73852481646
17663.0,1836.0399021054072
17664.0,645.389012524184
17666.0,1831.3996617890448
17667.0,1339.4927536086825
17668.0,2218.49844179804
17669.0,3731.500573751384
17671.0,1142.5438434940775
17672.0,1482.9364659087066
17673.0,1447.5170074753282
17674.0,372.3863208201562
17675.0,17043.271417620123
17676.0,1171.7159859369922
17677.0,13085.032563446866
17679.0,1530.3263358033385
17682.0,1903.910377483854
17685.0,2421.6908321695423
17686.0,3998.9702330351474
17690.0,3900.8986189384723
17691.0,277.42682773578514
17692.0,615.97950657762
17695.0,900.0336801422914
17696.0,1989.8019346237465
17700.0,2120.33206105359
17702.0,2180.1623662162174
17703.0,1603.1218680192271
17704.0,731.8288462480347
17705.0,2052.2185127614557
17706.0,8483.684951268368
17707.0,303.0517681663967
17708.0,362.82188440685303
17711.0,413.31754900135223
17716.0,5781.1083552765485
17719.0,6087.901011813604
17720.0,1078.887411834654
17722.0,1369.2628890395833
17723.0,4203.232076024653
17724.0,1740.312714165953
17725.0,3859.591176187214
17728.0,6793.499148356541
17730.0,4953.936506658109
17731.0,1260.310325414438
17733.0,670.5762871173974
17734.0,1022.6451158740547
17735.0,10853.355388322672
17736.0,1000.5155742018695
17737.0,1401.1282585993633
17738.0,1266.481681211075
17739.0,2259.437997152605
17742.0,299.33031066353675
17744.0,1849.0855034474962
17749.0,552.8098713785238
17750.0,3216.3726012162983
17754.0,1977.4666269916247
17757.0,4948.971530236702
17758.0,3570.359089776164
17759.0,1193.7282806319683
17760.0,300.53738882391565
17764.0,882.8374987214822
17765.0,643.4283279998627
17768.0,3034.7430446764142
17769.0,3702.40368837824
17770.0,896.5856407730472
17771.0,352.2582024317448
17774.0,1211.6282458706773
17777.0,1907.0001778279345
17779.0,1209.5802291014882
17781.0,405.6116985008659
17783.0,481.22248834111133
17786.0,377.7402087849594
17787.0,1091.5431309710061
17788.0,2061.1790632396464
17790.0,1883.8572777304862
17795.0,457.48143287601926
17796.0,726.3236822949073
17797.0,962.5348201202714
17799.0,2642.709502239991
17800.0,1326.9510250668009
17802.0,1029.8918100949857
17809.0,4575.380763370401
17811.0,7563.361193861587
17812.0,681.4226144219715
17813.0,5872.454366146294
17816.0,347.35682251008683
17817.0,399.17529415180456
17819.0,2709.7413584717838
17827.0,761.0108489752522
17828.0,1900.0957460554946
17830.0,545.2864144980367
17835.0,3935.4998817896667
17837.0,3189.6180891060885
17838.0,1808.4016250153036
17841.0,34734.91394882558
17848.0,1035.1386022745
17849.0,653.9055190269174
17850.0,1754.822308278855
17854.0,527.6125403258417
17856.0,1246.0901571308352
17857.0,21719.548645618845
17858.0,4316.485062476888
17861.0,2034.5638389503838
17863.0,2411.0258930282903
17864.0,715.5083819156575
17865.0,8481.649430521531
17867.0,1420.5662011520362
17869.0,476.5216034549886
17870.0,1614.4841914622382
17873.0,1507.7779619018413
17874.0,968.2485064448765
17883.0,1029.3318655115086
17884.0,686.583028893295
17886.0,1041.8156430664508
17888.0,939.0054371100681
17889.0,332.43261694369903
17890.0,296.4572527514541
17892.0,806.8674271628472
17894.0,1162.7110945931306
17897.0,545.0518474873978
17898.0,462.0366085385964
17905.0,729.2164598718339
17912.0,475.9279922710285
17913.0,355.65401321746407
17917.0,452.91415025184375
17920.0,3385.8288218667553
17921.0,951.8339134454831
17924.0,2243.754429553912
17926.0,581.6919516075967
17928.0,456.64959446473745
17929.0,911.8321832178992
17930.0,1967.1950390247168
17931.0,422.3122687182959
17932.0,1280.8393829203114
17934.0,1341.3328891587375
17935.0,564.9958479543722
17937.0,2614.743935441912
17940.0,3339.4193179103436
17946.0,411.00672121752905
17949.0,48070.59458478689
17950.0,359.30678061237694
17951.0,737.1319407394769
17954.0,2158.8232160567654
17955.0,778.8890412093676
17961.0,1382.657191522557
17964.0,348.8127095549617
17965.0,2473.9234466005014
17966.0,1349.4327916994514
17969.0,301.7248223105478
17974.0,1062.3055305639516
17975.0,3783.5089790052275
17979.0,866.0432289183376
17980.0,638.757680771871
17988.0,499.6550567255963
17990.0,601.5426354930939
17991.0,402.90600738415867
17994.0,729.7669088618179
17997.0,3455.106557030741
17999.0,344.8694916058802
18001.0,1191.3655083263961
18005.0,1709.236576842314
18008.0,2187.9083698777818
18016.0,1313.201383620046
18017.0,617.2856375322872
18018.0,505.83100028806456
18030.0,1842.1979999061416
18035.0,2186.389263982694
18036.0,710.1708319787853
18037.0,394.7224272699171
18040.0,446.9677241266621
18041.0,3475.0854996447215
18043.0,456.18155115823293
18044.0,2017.4275290347366
18055.0,5391.408768641484
18059.0,1826.0829010665425
18061.0,1747.7823848392331
18062.0,701.2470010166174
18064.0,679.1604688079667
18065.0,1897.4206713273886
18069.0,1782.7486228066068
18071.0,340.3392322716019
18073.0,6054.768935901793
18075.0,2338.975186672979
18077.0,2334.8475225095144
18078.0,423.03820082269795
18079.0,2359.4363493428355
18080.0,655.5701184495582
18081.0,1122.592933631671
18085.0,411.3733710364261
18087.0,844.8500249028282
18092.0,6426.776605629037
18093.0,1426.401183676703
18094.0,2679.185965400844
18095.0,352.18681967541033
18096.0,3572.9392382687547
18097.0,2232.067624976439
18101.0,717.8897535920571
18102.0,196491.66970061685
18109.0,6885.212089566348
18112.0,674.8305267508636
18116.0,1375.6487091240174
18118.0,4726.880046532241
18121.0,535.9222266239273
18122.0,3687.562710564492
18123.0,2790.624637380231
18125.0,842.855859481959
18127.0,885.844224607003
18130.0,3792.6906427774047
18135.0,1395.8126663948124
18136.0,698.8299535569048
18139.0,11394.78421512785
18142.0,1000.2084941738133
18143.0,1189.4679459794042
18144.0,2526.0933393194555
18145.0,2178.4208716756675
18146.0,459.0831332187976
18147.0,857.6634099199185
18149.0,716.4171678778577
18150.0,898.5548233321728
18151.0,521.8047016586563
18154.0,2024.8503091465689
18155.0,576.9183570133919
18156.0,512.8272640537474
18158.0,1070.4030355651214
18160.0,715.1672307100214
18161.0,1478.595192356041
18167.0,2626.815619064174
18168.0,1021.5360476040482
18170.0,1181.0885210026727
18171.0,1163.1832658148169
18172.0,6179.138830529749
18173.0,1561.2001236332362
18177.0,1730.70013172693
18178.0,1222.3462740973393
18179.0,1569.0736506519631
18180.0,3578.498878506142
18183.0,518.8239800625845
18188.0,1604.106970021562
18189.0,643.0520683233829
18190.0,332.3989838164601
18196.0,457.0642219322523
18198.0,5020.247568680246
18202.0,817.4666140608975
18204.0,2191.513246116989
18205.0,1594.3586816231514
18210.0,2966.071288835504
18211.0,883.6360418812903
18217.0,1692.3217028190215
18218.0,534.2745811903
18219.0,1834.3048527032242
18221.0,1552.1289152263384
18223.0,5362.082071435697
18225.0,4826.128516002068
18226.0,4587.122494575757
18228.0,1636.8602055641327
18229.0,6064.552954212263
18230.0,2585.6703959143697
18231.0,2055.1954282907004
18232.0,1178.149433912996
18235.0,1882.5398097965374
18236.0,1373.6671807078874
18237.0,2061.8568737202368
18239.0,1142.1422198025577
18241.0,2939.80747909386
18242.0,2485.6122761608844
18245.0,1993.244187730274
18246.0,657.7998806259754
18248.0,743.8845162459087
18252.0,962.9620115130931
18257.0,2321.663371520578
18259.0,1532.5850569796607
18260.0,2204.843383270703
18261.0,984.5763290180666
18263.0,1233.5922503913898
18265.0,872.3443328052614
18270.0,450.4278283077958
18272.0,3155.2522670085996
18273.0,556.1013073484108
18282.0,753.0498103423657
18283.0,2180.2183493418156
18287.0,1697.3224125589109
